owner,date,type,symbol,quantity,price,amount,asset_class
demo_user,2026-08-18,BUY,RELIANCE,10,1322.00,,STOCK
demo_user,2026-08-18,BUY,TCS,5,2280.00,,STOCK
demo_user,2026-09-01,BUY,INFY,8,1156.00,,STOCK
demo_user,2026-09-01,BUY,HDFCBANK,20,711.90,,STOCK
demo_user,2026-09-15,BUY,ITC,50,258.00,,STOCK
demo_user,2026-09-15,SELL,TCS,2,2251.00,,STOCK
demo_user,2025-11-03,SIP,122639,,,5000.00,MUTUAL_FUND
demo_user,2025-12-01,SIP,122639,,,5000.00,MUTUAL_FUND
demo_user,2026-01-01,SIP,122639,,,5000.00,MUTUAL_FUND
demo_user,2026-02-02,SIP,122639,,,5000.00,MUTUAL_FUND
demo_user,2026-03-02,SIP,122639,,,5000.00,MUTUAL_FUND
demo_user,2026-04-01,SIP,122639,,,5000.00,MUTUAL_FUND
demo_user,2026-05-04,SIP,122639,,,5000.00,MUTUAL_FUND
demo_user,2026-06-01,SIP,122639,,,5000.00,MUTUAL_FUND
demo_user,2026-07-01,SIP,122639,,,5000.00,MUTUAL_FUND
demo_user,2026-08-03,SIP,122639,,,5000.00,MUTUAL_FUND
demo_user,2026-09-01,SIP,122639,,,5000.00,MUTUAL_FUND
demo_user,2026-10-01,SIP,122639,,,5000.00,MUTUAL_FUND
demo_user,2025-11-03,SIP,120716,,,3000.00,MUTUAL_FUND
demo_user,2026-01-01,SIP,120716,,,3000.00,MUTUAL_FUND
demo_user,2026-03-02,SIP,120716,,,3000.00,MUTUAL_FUND
demo_user,2026-05-04,SIP,120716,,,3000.00,MUTUAL_FUND
demo_user,2026-07-01,SIP,120716,,,3000.00,MUTUAL_FUND
demo_user,2026-09-01,SIP,120716,,,3000.00,MUTUAL_FUND
demo_user,2026-04-01,LUMPSUM,118989,,,20000.00,MUTUAL_FUND
